{
  "total_ms": 122.54316799953813,
  "final_loss": 0.00199446214425567,
  "iters_total": 359,
  "impl": "noma_interpreted"
}