{
  "cold_start_ms": 0.00043499858293216676,
  "compile_overhead_ms": 0,
  "train_warmup_ms": 4.846412000915734,
  "train_steady_ms": 28.110552999351057,
  "steady_step_us_median": 97.61599903868046,
  "steady_step_us_p95": 119.02280020876788,
  "growth_event_ms": 0.09386000056110788,
  "total_ms": 32.96039399901929,
  "iters_total": 320,
  "time_to_threshold_ms": 32.95953999986523,
  "final_loss": 0.001976841788422055,
  "final_accuracy": 1.0,
  "peak_rss_kb": 30576,
  "precision": "f64",
  "device": "cpu",
  "impl": "numpy_manual"
}