{
  "cold_start_ms": 0.0003959994501201436,
  "compile_overhead_ms": 0,
  "train_warmup_ms": 4.781366998940939,
  "train_steady_ms": 23.726123001324595,
  "steady_step_us_median": 88.72499893186614,
  "steady_step_us_p95": 96.7688003584044,
  "growth_event_ms": 0.06503200165752787,
  "total_ms": 28.51048900083697,
  "iters_total": 320,
  "time_to_threshold_ms": 28.50982599920826,
  "final_loss": 0.001976841788422055,
  "final_accuracy": 1.0,
  "peak_rss_kb": 30572,
  "precision": "f64",
  "device": "cpu",
  "impl": "numpy_manual"
}