{
  "total_ms": 0.6578489992534742,
  "final_loss": 0.001999,
  "iters_total": 1,
  "impl": "noma_compiled"
}