{
  "cold_start_ms": 0.00042099964048247784,
  "compile_overhead_ms": 0,
  "train_warmup_ms": 4.849412000112352,
  "train_steady_ms": 24.1590300011012,
  "steady_step_us_median": 90.28499880514573,
  "steady_step_us_p95": 109.17339932348114,
  "growth_event_ms": 0.0782410006650025,
  "total_ms": 29.011124001044664,
  "iters_total": 320,
  "time_to_threshold_ms": 29.010542000833084,
  "final_loss": 0.001976841788422055,
  "final_accuracy": 1.0,
  "peak_rss_kb": 30564,
  "precision": "f64",
  "device": "cpu",
  "impl": "numpy_manual"
}