{
  "cold_start_ms": 0.0009049999789567664,
  "compile_overhead_ms": 0,
  "train_warmup_ms": 5.2328400015539955,
  "train_steady_ms": 24.967218998426688,
  "steady_step_us_median": 90.35099901666399,
  "steady_step_us_p95": 108.59960057132412,
  "growth_event_ms": 0.08464599886792712,
  "total_ms": 30.203600999811897,
  "iters_total": 320,
  "time_to_threshold_ms": 30.202842001017416,
  "final_loss": 0.001976841788422055,
  "final_accuracy": 1.0,
  "peak_rss_kb": 30440,
  "precision": "f64",
  "device": "cpu",
  "impl": "numpy_manual"
}