{
  "total_ms": 1.053893998687272,
  "final_loss": 0.001999,
  "iters_total": 1,
  "impl": "noma_compiled"
}