{
  "cold_start_ms": 0.0004689991328632459,
  "compile_overhead_ms": 0,
  "train_warmup_ms": 3.834090000964352,
  "train_steady_ms": 18.132460998458555,
  "steady_step_us_median": 55.84300015470944,
  "steady_step_us_p95": 112.71499970462173,
  "growth_event_ms": 0.06563900024048053,
  "total_ms": 21.969322999211727,
  "iters_total": 320,
  "time_to_threshold_ms": 21.968754999761586,
  "final_loss": 0.001976841788422055,
  "final_accuracy": 1.0,
  "peak_rss_kb": 30600,
  "precision": "f64",
  "device": "cpu",
  "impl": "numpy_manual"
}