{
  "total_ms": 94.98693800014735,
  "final_loss": 0.0019724558040614955,
  "iters_total": 278,
  "impl": "noma_interpreted"
}