{
  "cold_start_ms": 0.0004339999577496201,
  "compile_overhead_ms": 0,
  "train_warmup_ms": 5.424078000942245,
  "train_steady_ms": 22.46335799827648,
  "steady_step_us_median": 88.56900058162864,
  "steady_step_us_p95": 98.59759993560147,
  "growth_event_ms": 0.08130599962896667,
  "total_ms": 27.890128998478758,
  "iters_total": 320,
  "time_to_threshold_ms": 27.889483999388176,
  "final_loss": 0.001976841788422055,
  "final_accuracy": 1.0,
  "peak_rss_kb": 30568,
  "precision": "f64",
  "device": "cpu",
  "impl": "numpy_manual"
}