{
  "cold_start_ms": 0.000455000190413557,
  "compile_overhead_ms": 0,
  "train_warmup_ms": 4.9176810007338645,
  "train_steady_ms": 21.9687899989367,
  "steady_step_us_median": 64.80399861175101,
  "steady_step_us_p95": 107.10439964896068,
  "growth_event_ms": 0.07063600060064346,
  "total_ms": 26.889284999924712,
  "iters_total": 320,
  "time_to_threshold_ms": 26.888423999480437,
  "final_loss": 0.001976841788422055,
  "final_accuracy": 1.0,
  "peak_rss_kb": 30444,
  "precision": "f64",
  "device": "cpu",
  "impl": "numpy_manual"
}