{
  "cold_start_ms": 0.0004350004019215703,
  "compile_overhead_ms": 0,
  "train_warmup_ms": 4.891172000498045,
  "train_steady_ms": 22.89371599908918,
  "steady_step_us_median": 89.85199929156806,
  "steady_step_us_p95": 109.5240000722697,
  "growth_event_ms": 0.09284800034947693,
  "total_ms": 27.787991999502992,
  "iters_total": 320,
  "time_to_threshold_ms": 27.78738000051817,
  "final_loss": 0.001976841788422055,
  "final_accuracy": 1.0,
  "peak_rss_kb": 30704,
  "precision": "f64",
  "device": "cpu",
  "impl": "numpy_manual"
}