{
  "timestamp": "20251227_214737",
  "config": {
    "experiment": {
      "name": "self_growing_xor",
      "description": "XOR classification with dynamic architecture growth"
    },
    "hyperparams": {
      "lr_phase1": 0.05,
      "lr_phase2": 0.12,
      "beta1": 0.9,
      "beta2": 0.999,
      "epsilon": 1e-08,
      "max_iter_phase1": 200,
      "max_iter_phase2": 400,
      "hidden_initial": 2,
      "hidden_final": 16,
      "threshold_phase1": 0.05,
      "threshold_final": 0.002,
      "growth_step": 200
    },
    "benchmark": {
      "num_runs": 10,
      "warmup_iters": 50,
      "mode": "bench",
      "precision": "f64"
    },
    "dataset": {
      "X": [
        [
          0.0,
          0.0
        ],
        [
          0.0,
          1.0
        ],
        [
          1.0,
          0.0
        ],
        [
          1.0,
          1.0
        ]
      ],
      "Y": [
        [
          0.0
        ],
        [
          1.0
        ],
        [
          1.0
        ],
        [
          0.0
        ]
      ]
    }
  },
  "compile_times_ms": {
    "noma": 192.46155899963924,
    "cpp": 1536.0182619988336
  },
  "results": {
    "noma_compiled": {
      "runs": 10,
      "total_ms_median": 0.8054059990172391,
      "total_ms_min": 0.6902999994053971,
      "total_ms_max": 1.2458920009521535,
      "final_loss_median": 0.000405,
      "total_ms_p25": 0.7111232494025899,
      "total_ms_p75": 1.0281912509526592,
      "iters_total": 1,
      "impl": "noma_compiled"
    },
    "noma_interpreted": {
      "runs": 10,
      "total_ms_median": 99.14569949887664,
      "total_ms_min": 94.95630499986873,
      "total_ms_max": 168.65146100099082,
      "final_loss_median": 0.0006560322048627409,
      "total_ms_p25": 97.69114299979265,
      "total_ms_p75": 105.95894750076695,
      "iters_total": 321,
      "impl": "noma_interpreted"
    },
    "noma_reset": {
      "runs": 10,
      "total_ms_median": 104.9615404999713,
      "total_ms_min": 98.64881800058356,
      "total_ms_max": 119.23674100034987,
      "final_loss_median": 0.0014046572806838786,
      "total_ms_p25": 101.59790849957062,
      "total_ms_p75": 108.01512849957362,
      "iters_total": 321,
      "impl": "noma_interpreted"
    },
    "numpy_manual": {
      "runs": 10,
      "total_ms_median": 29.303961499863362,
      "total_ms_min": 24.47758499874908,
      "total_ms_max": 43.67263400126831,
      "final_loss_median": 0.001976841788422055,
      "total_ms_p25": 26.40766974991493,
      "total_ms_p75": 34.820331749415345,
      "cold_start_ms": 0.000455000190413557,
      "compile_overhead_ms": 0,
      "train_warmup_ms": 7.137836000765674,
      "train_steady_ms": 17.336826998871402,
      "steady_step_us_median": 55.85699909715913,
      "steady_step_us_p95": 91.87420000671409,
      "growth_event_ms": 0.07133700091799255,
      "iters_total": 320,
      "time_to_threshold_ms": 24.47702599965851,
      "final_accuracy": 1.0,
      "peak_rss_kb": 30292,
      "precision": "f64",
      "device": "cpu",
      "impl": "numpy_manual"
    },
    "cpp_manual": {
      "runs": 10,
      "total_ms_median": 0.843968,
      "total_ms_min": 0.790501,
      "total_ms_max": 1.8928,
      "final_loss_median": 0.00197684,
      "total_ms_p25": 0.8018195,
      "total_ms_p75": 1.2150975000000002,
      "cold_start_ms": 0,
      "compile_overhead_ms": 0,
      "train_warmup_ms": 0.180684,
      "train_steady_ms": 0.883985,
      "steady_step_us_median": 2.511,
      "steady_step_us_p95": 4.634,
      "growth_event_ms": 0.00217,
      "iters_total": 320,
      "time_to_threshold_ms": 1.064621,
      "final_accuracy": 1,
      "peak_rss_kb": 15360,
      "precision": "f64",
      "device": "cpu",
      "impl": "cpp_manual"
    }
  }
}