{
  "cold_start_ms": 0.00045100023271515965,
  "compile_overhead_ms": 0,
  "train_warmup_ms": 5.478840001160279,
  "train_steady_ms": 24.07672399931471,
  "steady_step_us_median": 90.76399874174967,
  "steady_step_us_p95": 102.79239941155537,
  "growth_event_ms": 0.07566800013592001,
  "total_ms": 29.55803599979845,
  "iters_total": 320,
  "time_to_threshold_ms": 29.55734900024254,
  "final_loss": 0.001976841788422055,
  "final_accuracy": 1.0,
  "peak_rss_kb": 30572,
  "precision": "f64",
  "device": "cpu",
  "impl": "numpy_manual"
}