{
  "total_ms": 0.7002680013101781,
  "final_loss": 0.001978,
  "iters_total": 1,
  "impl": "noma_compiled"
}