{
  "total_ms": 105.85728499972902,
  "final_loss": 0.0016257395354442065,
  "iters_total": 321,
  "impl": "noma_interpreted"
}