{
  "total_ms": 0.8441270001640078,
  "final_loss": 0.001999,
  "iters_total": 1,
  "impl": "noma_compiled"
}