{
  "total_ms": 87.9264309987775,
  "final_loss": 0.4150472994917329,
  "iters_total": 202,
  "impl": "noma_interpreted"
}