{
  "cold_start_ms": 0.0004760004230774939,
  "compile_overhead_ms": 0,
  "train_warmup_ms": 4.809406998901977,
  "train_steady_ms": 23.25027900042187,
  "steady_step_us_median": 88.95199971448164,
  "steady_step_us_p95": 98.34699958446436,
  "growth_event_ms": 0.06343899985949975,
  "total_ms": 28.062821000276017,
  "iters_total": 320,
  "time_to_threshold_ms": 28.062237000995083,
  "final_loss": 0.001976841788422055,
  "final_accuracy": 1.0,
  "peak_rss_kb": 30444,
  "precision": "f64",
  "device": "cpu",
  "impl": "numpy_manual"
}