{
  "cold_start_ms": 0.0005069996404927224,
  "compile_overhead_ms": 0,
  "train_warmup_ms": 5.715451001378824,
  "train_steady_ms": 17.383200998665416,
  "steady_step_us_median": 55.174999943119474,
  "steady_step_us_p95": 91.24740099650808,
  "growth_event_ms": 0.05695999971067067,
  "total_ms": 23.101568998754374,
  "iters_total": 320,
  "time_to_threshold_ms": 23.10091899926192,
  "final_loss": 0.001976841788422055,
  "final_accuracy": 1.0,
  "peak_rss_kb": 30568,
  "precision": "f64",
  "device": "cpu",
  "impl": "numpy_manual"
}