{
  "cold_start_ms": 0.00042099964048247784,
  "compile_overhead_ms": 0,
  "train_warmup_ms": 7.773311999699217,
  "train_steady_ms": 22.678350000205683,
  "steady_step_us_median": 90.35599941853434,
  "steady_step_us_p95": 99.2248002148699,
  "growth_event_ms": 0.08677599907969125,
  "total_ms": 30.45431899954565,
  "iters_total": 320,
  "time_to_threshold_ms": 30.45365199977823,
  "final_loss": 0.001976841788422055,
  "final_accuracy": 1.0,
  "peak_rss_kb": 30560,
  "precision": "f64",
  "device": "cpu",
  "impl": "numpy_manual"
}