{
  "cold_start_ms": 0.00046000059228390455,
  "compile_overhead_ms": 0,
  "train_warmup_ms": 4.828158000236726,
  "train_steady_ms": 35.40765499928966,
  "steady_step_us_median": 105.34300054132473,
  "steady_step_us_p95": 128.94639949081466,
  "growth_event_ms": 0.10908500007644761,
  "total_ms": 40.2384869994421,
  "iters_total": 320,
  "time_to_threshold_ms": 40.23759400115523,
  "final_loss": 0.001976841788422055,
  "final_accuracy": 1.0,
  "peak_rss_kb": 30444,
  "precision": "f64",
  "device": "cpu",
  "impl": "numpy_manual"
}