{
  "total_ms": 89.37490800053638,
  "final_loss": 0.35962990813093415,
  "iters_total": 202,
  "impl": "noma_interpreted"
}