{
  "total_ms": 0.8469250005873619,
  "final_loss": 0.001978,
  "iters_total": 1,
  "impl": "noma_compiled"
}