{
  "total_ms": 85.50889799880679,
  "final_loss": 0.3416480190512876,
  "iters_total": 202,
  "impl": "noma_interpreted"
}