{
  "total_ms": 110.72295699887036,
  "final_loss": 0.0018791013354473502,
  "iters_total": 235,
  "impl": "noma_interpreted"
}