{
  "total_ms": 0.7040179989417084,
  "final_loss": 0.001978,
  "iters_total": 1,
  "impl": "noma_compiled"
}