{
  "cold_start_ms": 0.00045100023271515965,
  "compile_overhead_ms": 0,
  "train_warmup_ms": 5.094820999147487,
  "train_steady_ms": 24.75848500034772,
  "steady_step_us_median": 90.77200047613587,
  "steady_step_us_p95": 111.14959997939876,
  "growth_event_ms": 0.07656799971300643,
  "total_ms": 29.85595099926286,
  "iters_total": 320,
  "time_to_threshold_ms": 29.855312999643502,
  "final_loss": 0.001976841788422055,
  "final_accuracy": 1.0,
  "peak_rss_kb": 30600,
  "precision": "f64",
  "device": "cpu",
  "impl": "numpy_manual"
}