{
  "total_ms": 0.7060809984977823,
  "final_loss": 0.000405,
  "iters_total": 1,
  "impl": "noma_compiled"
}