{
  "cold_start_ms": 0.0003969998942920938,
  "compile_overhead_ms": 0,
  "train_warmup_ms": 4.833920998862595,
  "train_steady_ms": 25.656781001089257,
  "steady_step_us_median": 90.32600064529106,
  "steady_step_us_p95": 100.9607996820705,
  "growth_event_ms": 0.08224500015785452,
  "total_ms": 30.493305001073168,
  "iters_total": 320,
  "time_to_threshold_ms": 30.492606001644162,
  "final_loss": 0.001976841788422055,
  "final_accuracy": 1.0,
  "peak_rss_kb": 30572,
  "precision": "f64",
  "device": "cpu",
  "impl": "numpy_manual"
}