{
  "total_ms": 0.963847000093665,
  "final_loss": 0.001978,
  "iters_total": 1,
  "impl": "noma_compiled"
}