{
  "cold_start_ms": 0.0005649999366141856,
  "compile_overhead_ms": 0,
  "train_warmup_ms": 4.8514509999222355,
  "train_steady_ms": 21.194037999521242,
  "steady_step_us_median": 88.05899960862007,
  "steady_step_us_p95": 111.85900038981345,
  "growth_event_ms": 0.058772000556928106,
  "total_ms": 26.04819599946495,
  "iters_total": 320,
  "time_to_threshold_ms": 26.047419998576515,
  "final_loss": 0.001976841788422055,
  "final_accuracy": 1.0,
  "peak_rss_kb": 30392,
  "precision": "f64",
  "device": "cpu",
  "impl": "numpy_manual"
}