{
  "total_ms": 0.7079049992171349,
  "final_loss": 0.001978,
  "iters_total": 1,
  "impl": "noma_compiled"
}