{
  "total_ms": 1.165558998764027,
  "final_loss": 0.000405,
  "iters_total": 1,
  "impl": "noma_compiled"
}