{
  "total_ms": 0.7377840011031367,
  "final_loss": 0.000405,
  "iters_total": 1,
  "impl": "noma_compiled"
}