{
  "total_ms": 0.9824020016822033,
  "final_loss": 0.000405,
  "iters_total": 1,
  "impl": "noma_compiled"
}