{
  "total_ms": 1.2458920009521535,
  "final_loss": 0.000405,
  "iters_total": 1,
  "impl": "noma_compiled"
}