{
  "cold_start_ms": 0.0005269994289847091,
  "compile_overhead_ms": 0,
  "train_warmup_ms": 4.817318000277737,
  "train_steady_ms": 24.794377999569406,
  "steady_step_us_median": 89.84400119516067,
  "steady_step_us_p95": 108.84980001719669,
  "growth_event_ms": 0.07242899846460205,
  "total_ms": 29.615098999784095,
  "iters_total": 320,
  "time_to_threshold_ms": 29.614492999826325,
  "final_loss": 0.001976841788422055,
  "final_accuracy": 1.0,
  "peak_rss_kb": 30568,
  "precision": "f64",
  "device": "cpu",
  "impl": "numpy_manual"
}