{
  "total_ms": 98.4413800015318,
  "final_loss": 0.00024804734524555436,
  "iters_total": 321,
  "impl": "noma_interpreted"
}