{
  "total_ms": 89.50313599962101,
  "final_loss": 0.29259506245173994,
  "iters_total": 202,
  "impl": "noma_interpreted"
}