{
  "cold_start_ms": 0.00040299892134498805,
  "compile_overhead_ms": 0,
  "train_warmup_ms": 5.422934000307578,
  "train_steady_ms": 23.224998998557567,
  "steady_step_us_median": 89.65599954535719,
  "steady_step_us_p95": 98.01339911064133,
  "growth_event_ms": 0.08332600009453017,
  "total_ms": 28.650455999013502,
  "iters_total": 320,
  "time_to_threshold_ms": 28.64988699911919,
  "final_loss": 0.001976841788422055,
  "final_accuracy": 1.0,
  "peak_rss_kb": 30424,
  "precision": "f64",
  "device": "cpu",
  "impl": "numpy_manual"
}