{
  "total_ms": 0.823242999103968,
  "final_loss": 0.000405,
  "iters_total": 1,
  "impl": "noma_compiled"
}