{
  "total_ms": 106.98144500020135,
  "final_loss": 0.0019704177969002094,
  "iters_total": 304,
  "impl": "noma_interpreted"
}