{
  "total_ms": 97.13761900093232,
  "final_loss": 0.0007280694571328062,
  "iters_total": 321,
  "impl": "noma_interpreted"
}