{
  "total_ms": 87.97590699941793,
  "final_loss": 0.0019289995861361546,
  "iters_total": 242,
  "impl": "noma_interpreted"
}