{
  "total_ms": 101.61547499956214,
  "final_loss": 0.002734113355866214,
  "iters_total": 321,
  "impl": "noma_interpreted"
}