{
  "total_ms": 0.7622129996889271,
  "final_loss": 0.001978,
  "iters_total": 1,
  "impl": "noma_compiled"
}