{
  "total_ms": 0.718213999789441,
  "final_loss": 0.001999,
  "iters_total": 1,
  "impl": "noma_compiled"
}