{
  "total_ms": 88.26070699979027,
  "final_loss": 0.0019555379411993526,
  "iters_total": 261,
  "impl": "noma_interpreted"
}