{
  "total_ms": 105.44834900065325,
  "final_loss": 0.0007825572554814766,
  "iters_total": 321,
  "impl": "noma_interpreted"
}