{
  "total_ms": 97.03023899965046,
  "final_loss": 0.0019933921037265994,
  "iters_total": 311,
  "impl": "noma_interpreted"
}