{
  "cold_start_ms": 0.000797999746282585,
  "compile_overhead_ms": 0,
  "train_warmup_ms": 5.809117999888258,
  "train_steady_ms": 24.577737000072375,
  "steady_step_us_median": 90.74499939742964,
  "steady_step_us_p95": 116.14120012382045,
  "growth_event_ms": 0.08673699994687922,
  "total_ms": 30.39048000027833,
  "iters_total": 320,
  "time_to_threshold_ms": 30.38973000002443,
  "final_loss": 0.001976841788422055,
  "final_accuracy": 1.0,
  "peak_rss_kb": 30580,
  "precision": "f64",
  "device": "cpu",
  "impl": "numpy_manual"
}