{
  "total_ms": 93.73763400071766,
  "final_loss": 0.0019033769874627882,
  "iters_total": 246,
  "impl": "noma_interpreted"
}