{
  "cold_start_ms": 0.0005080000846646726,
  "compile_overhead_ms": 0,
  "train_warmup_ms": 5.160177999641746,
  "train_steady_ms": 19.799698999122484,
  "steady_step_us_median": 56.80999856849667,
  "steady_step_us_p95": 114.65480019978713,
  "growth_event_ms": 0.09549000060360413,
  "total_ms": 24.962823999885586,
  "iters_total": 320,
  "time_to_threshold_ms": 24.961961000371957,
  "final_loss": 0.001976841788422055,
  "final_accuracy": 1.0,
  "peak_rss_kb": 30408,
  "precision": "f64",
  "device": "cpu",
  "impl": "numpy_manual"
}