{
  "total_ms": 0.708361998476903,
  "final_loss": 0.001999,
  "iters_total": 1,
  "impl": "noma_compiled"
}