{
  "cold_start_ms": 0.00045599881559610367,
  "compile_overhead_ms": 0,
  "train_warmup_ms": 4.860752998865792,
  "train_steady_ms": 22.638176000327803,
  "steady_step_us_median": 88.86500108928885,
  "steady_step_us_p95": 97.22659888211638,
  "growth_event_ms": 0.07448799988196697,
  "total_ms": 27.501463999215048,
  "iters_total": 320,
  "time_to_threshold_ms": 27.500799998961156,
  "final_loss": 0.001976841788422055,
  "final_accuracy": 1.0,
  "peak_rss_kb": 30480,
  "precision": "f64",
  "device": "cpu",
  "impl": "numpy_manual"
}