{
  "cold_start_ms": 0.0004840003384742886,
  "compile_overhead_ms": 0,
  "train_warmup_ms": 4.997254000045359,
  "train_steady_ms": 25.586271000065608,
  "steady_step_us_median": 89.84699888969772,
  "steady_step_us_p95": 102.78499976266176,
  "growth_event_ms": 0.09632600085751619,
  "total_ms": 30.586206001316896,
  "iters_total": 320,
  "time_to_threshold_ms": 30.585594000513083,
  "final_loss": 0.001976841788422055,
  "final_accuracy": 1.0,
  "peak_rss_kb": 30700,
  "precision": "f64",
  "device": "cpu",
  "impl": "numpy_manual"
}