{
  "total_ms": 0.7253450003190665,
  "final_loss": 0.001999,
  "iters_total": 1,
  "impl": "noma_compiled"
}