{
  "total_ms": 105.1091669996822,
  "final_loss": 0.001957680777613788,
  "iters_total": 321,
  "impl": "noma_interpreted"
}