{
  "total_ms": 0.6966689998080255,
  "final_loss": 0.001999,
  "iters_total": 1,
  "impl": "noma_compiled"
}