{
  "total_ms": 93.1975430012244,
  "final_loss": 0.0019889944652620086,
  "iters_total": 291,
  "impl": "noma_interpreted"
}