{
  "total_ms": 1.0759509987110505,
  "final_loss": 0.001989,
  "iters_total": 1,
  "impl": "noma_compiled"
}