{
  "total_ms": 0.6805739994888427,
  "final_loss": 0.001989,
  "iters_total": 1,
  "impl": "noma_compiled"
}