{
  "cold_start_ms": 0.00045299930206965655,
  "compile_overhead_ms": 0,
  "train_warmup_ms": 8.852762999595143,
  "train_steady_ms": 16.974034999293508,
  "steady_step_us_median": 54.84000030264724,
  "steady_step_us_p95": 91.37960005318746,
  "growth_event_ms": 0.05415600026026368,
  "total_ms": 25.829719999819645,
  "iters_total": 320,
  "time_to_threshold_ms": 25.829014000919415,
  "final_loss": 0.001976841788422055,
  "final_accuracy": 1.0,
  "peak_rss_kb": 30420,
  "precision": "f64",
  "device": "cpu",
  "impl": "numpy_manual"
}