{
  "total_ms": 0.6902999994053971,
  "final_loss": 0.000405,
  "iters_total": 1,
  "impl": "noma_compiled"
}