{
  "total_ms": 0.831323000966222,
  "final_loss": 0.000405,
  "iters_total": 1,
  "impl": "noma_compiled"
}