{
  "cold_start_ms": 0.0003249988367315382,
  "compile_overhead_ms": 0,
  "train_warmup_ms": 3.0885640007909387,
  "train_steady_ms": 15.572655000141822,
  "steady_step_us_median": 56.23699871648569,
  "steady_step_us_p95": 64.0446010947926,
  "growth_event_ms": 0.05513599899131805,
  "total_ms": 18.663159000425367,
  "iters_total": 320,
  "time_to_threshold_ms": 18.66251100000227,
  "final_loss": 0.001976841788422055,
  "final_accuracy": 1.0,
  "peak_rss_kb": 30612,
  "precision": "f64",
  "device": "cpu",
  "impl": "numpy_manual"
}