{
  "cold_start_ms": 0.0005269994289847091,
  "compile_overhead_ms": 0,
  "train_warmup_ms": 5.159227999683935,
  "train_steady_ms": 27.85162100008165,
  "steady_step_us_median": 93.30400098406244,
  "steady_step_us_p95": 124.08199982019141,
  "growth_event_ms": 0.08467099905828945,
  "total_ms": 33.014279999406426,
  "iters_total": 320,
  "time_to_threshold_ms": 33.01333599847567,
  "final_loss": 0.001976841788422055,
  "final_accuracy": 1.0,
  "peak_rss_kb": 30568,
  "precision": "f64",
  "device": "cpu",
  "impl": "numpy_manual"
}