{
  "cold_start_ms": 0.0005279998731566593,
  "compile_overhead_ms": 0,
  "train_warmup_ms": 4.813395999008208,
  "train_steady_ms": 25.437592001253506,
  "steady_step_us_median": 90.15599971462507,
  "steady_step_us_p95": 114.84019996714778,
  "growth_event_ms": 0.06623799890803639,
  "total_ms": 30.253770000854274,
  "iters_total": 320,
  "time_to_threshold_ms": 30.252941000071587,
  "final_loss": 0.001976841788422055,
  "final_accuracy": 1.0,
  "peak_rss_kb": 30372,
  "precision": "f64",
  "device": "cpu",
  "impl": "numpy_manual"
}