{
  "total_ms": 0.6964719996176427,
  "final_loss": 0.001978,
  "iters_total": 1,
  "impl": "noma_compiled"
}