{
  "total_ms": 114.48865899910743,
  "final_loss": 0.0005234148408079572,
  "iters_total": 321,
  "impl": "noma_interpreted"
}