{
  "total_ms": 89.5975189996534,
  "final_loss": 0.0019348892939596257,
  "iters_total": 239,
  "impl": "noma_interpreted"
}