{
  "total_ms": 0.7128039997041924,
  "final_loss": 0.000405,
  "iters_total": 1,
  "impl": "noma_compiled"
}