{
  "total_ms": 0.7044810008665081,
  "final_loss": 0.001999,
  "iters_total": 1,
  "impl": "noma_compiled"
}