{
  "cold_start_ms": 0.0004289995558792725,
  "compile_overhead_ms": 0,
  "train_warmup_ms": 4.832561999137397,
  "train_steady_ms": 24.755477001235704,
  "steady_step_us_median": 89.77800098364241,
  "steady_step_us_p95": 112.2182009567041,
  "growth_event_ms": 0.0730560004740255,
  "total_ms": 29.590680000183056,
  "iters_total": 320,
  "time_to_threshold_ms": 29.590112999358098,
  "final_loss": 0.001976841788422055,
  "final_accuracy": 1.0,
  "peak_rss_kb": 30564,
  "precision": "f64",
  "device": "cpu",
  "impl": "numpy_manual"
}