{
  "total_ms": 88.95576000031724,
  "final_loss": 0.001986111610806812,
  "iters_total": 251,
  "impl": "noma_interpreted"
}