{
  "total_ms": 102.35555500003102,
  "final_loss": 0.0009822466214951617,
  "iters_total": 321,
  "impl": "noma_interpreted"
}